ASM Emp Name,RSM Emp Name,SM Name ,SVP Names,VP Names
 Alice,Adam, Carrie,Aaron - SVP Sales, Abby - VP Agency
 Alice,Adam, Catherine,Aaron - SVP Sales, Abby - VP Agency
 Alice,Adam, Charles,Aaron - SVP Sales, Abby - VP Agency
 Alice,Adam, Charlie,Aaron - SVP Sales, Abby - VP Agency
 Alice,Adam, Charlotte,Aaron - SVP Sales, Abby - VP Agency
 Alice,Adam, Cheryl,Aaron - SVP Sales, Abby - VP Agency
 Alice,Adam, Melanie,Aaron - SVP Sales, Abby - VP Agency
 Alice,Adam, Melissa,Aaron - SVP Sales, Abby - VP Agency
 Alicia,Adam, Chloe,Aaron - SVP Sales, Abby - VP Agency
 Alicia,Adam, Chris,Aaron - SVP Sales, Abby - VP Agency
 Alicia,Adam, Christian,Aaron - SVP Sales, Abby - VP Agency
 Alicia,Adam, Christina,Aaron - SVP Sales, Abby - VP Agency
 Alicia,Adam, Michael,Aaron - SVP Sales, Abby - VP Agency
 Alicia,Adam, Michelle,Aaron - SVP Sales, Abby - VP Agency
 Alison,Adam, Christopher,Aaron - SVP Sales, Abby - VP Agency
 Alison,Adam, Cindy,Aaron - SVP Sales, Abby - VP Agency
 Alison,Adam, Claire,Aaron - SVP Sales, Abby - VP Agency
 Alison,Adam, Martin,Aaron - SVP Sales, Abby - VP Agency
 Amanda,Adam, Colin,Aaron - SVP Sales, Abby - VP Agency
 Amanda,Adam, Connie,Aaron - SVP Sales, Abby - VP Agency
 Amanda,Adam, Mitchell,Aaron - SVP Sales, Abby - VP Agency
 Amber,Adam, Clara,Aaron - SVP Sales, Abby - VP Agency
 Amber,Adam, Clarence,Aaron - SVP Sales, Abby - VP Agency
 Amber,Adam, Claudia,Aaron - SVP Sales, Abby - VP Agency
 Amber,Adam, Clayton,Aaron - SVP Sales, Abby - VP Agency
 Amber,Adam, Cliff,Aaron - SVP Sales, Abby - VP Agency
 Amber,Adam, Clifford,Aaron - SVP Sales, Abby - VP Agency
 Amber,Adam, Cody,Aaron - SVP Sales, Abby - VP Agency
 Amber,Adam, Mike,Aaron - SVP Sales, Abby - VP Agency
 Amber,Adam, Mildred,Aaron - SVP Sales, Abby - VP Agency
 Amber,Adam, Miranda,Aaron - SVP Sales, Abby - VP Agency
 Amelia, Adrian, Craig,Aaron - SVP Sales, Abby - VP Agency
 Amelia,Adrian, Crystal,Aaron - SVP Sales, Abby - VP Agency
 Amy,Adrian, Curtis,Aaron - SVP Sales, Abby - VP Agency
 Amy,Adrian, Cynthia,Aaron - SVP Sales, Abby - VP Agency
 Amy,Adrian, Dale,Aaron - SVP Sales, Abby - VP Agency
 Amy,Adrian, Molly,Aaron - SVP Sales, Abby - VP Agency
 Andrea,Adrian, Daniel,Aaron - SVP Sales, Abby - VP Agency
 Andrea,Adrian, Danielle,Aaron - SVP Sales, Abby - VP Agency
 Andrea,Adrian, Monica,Aaron - SVP Sales, Abby - VP Agency
 Andrew,Adrian, Darla,Aaron - SVP Sales, Abby - VP Agency
 Andrew,Adrian, David,Aaron - SVP Sales, Abby - VP Agency
 Andrew,Adrian, Marvin,Aaron - SVP Sales, Abby - VP Agency
 Angela,Aiden, Dawn,Aaron - SVP Sales, Abby - VP Agency
 Angela,Aiden, Dean,Aaron - SVP Sales, Abby - VP Agency
 Angela,Aiden, Debbie,Aaron - SVP Sales, Abby - VP Agency
 Angela,Aiden, Deborah,Aaron - SVP Sales, Abby - VP Agency
 Angela,Aiden, Debra,Aaron - SVP Sales, Abby - VP Agency
 Angela,Aiden, Denise,Aaron - SVP Sales, Abby - VP Agency
 Angela,Aiden, Derek,Aaron - SVP Sales, Abby - VP Agency
 Angela,Aiden, Diana,Aaron - SVP Sales, Abby - VP Agency
 Angela,Aiden, Diane,Aaron - SVP Sales, Abby - VP Agency
 Angela,Aiden, Morgan,Aaron - SVP Sales, Abby - VP Agency
 Angela,Aiden, Nancy,Aaron - SVP Sales, Abby - VP Agency
 Anna,Aiden, Donald,Aaron - SVP Sales, Abby - VP Agency
 Anna,Aiden, Donna,Aaron - SVP Sales, Abby - VP Agency
 Anna,Aiden, Doris,Aaron - SVP Sales, Abby - VP Agency
 Anna,Aiden, Natalie,Aaron - SVP Sales, Abby - VP Agency
 Anna,Aiden, Nathan,Aaron - SVP Sales, Abby - VP Agency
 Anthony,Aiden, Dorothy,Aaron - SVP Sales, Abby - VP Agency
 Anthony,Aiden, Douglas,Aaron - SVP Sales, Abby - VP Agency
 Anthony,Aiden, Dylan,Aaron - SVP Sales, Abby - VP Agency
 Anthony,Aiden, Ed,Aaron - SVP Sales, Abby - VP Agency
 Anthony,Aiden, Nathaniel,Aaron - SVP Sales, Abby - VP Agency
 Anthony,Aiden, Neil,Aaron - SVP Sales, Abby - VP Agency
 Anthony,Aiden, Nicholas,Aaron - SVP Sales, Abby - VP Agency
 Antonio,Aiden, Eddie,Aaron - SVP Sales, Abby - VP Agency
 Antonio,Aiden, Edgar,Aaron - SVP Sales, Abby - VP Agency
 Antonio,Aiden, Edith,Aaron - SVP Sales, Abby - VP Agency
 Antonio,Aiden, Edna,Aaron - SVP Sales, Abby - VP Agency
 Antonio,Aiden, Edward,Aaron - SVP Sales, Abby - VP Agency
 Antonio,Aiden, Elaine,Aaron - SVP Sales, Abby - VP Agency
 April,Aiden, Elena,Aaron - SVP Sales, Abby - VP Agency
 April,Aiden, Eli,Aaron - SVP Sales, Abby - VP Agency
 April,Aiden, Elias,Aaron - SVP Sales, Abby - VP Agency
 April,Aiden, Elijah,Aaron - SVP Sales, Abby - VP Agency
 April,Aiden, Elizabeth,Aaron - SVP Sales, Abby - VP Agency
 April,Aiden, Ella,Aaron - SVP Sales, Abby - VP Agency
 April,Aiden, Nicole,Aaron - SVP Sales, Abby - VP Agency
 Arthur,Aiden, Ellen,Aaron - SVP Sales, Abby - VP Agency
 Arthur,Aiden, Emily,Aaron - SVP Sales, Abby - VP Agency
 Arthur,Aiden, Emma,Aaron - SVP Sales, Abby - VP Agency
 Arthur,Aiden, Eric,Aaron - SVP Sales, Abby - VP Agency
 Arthur,Aiden, Erica,Aaron - SVP Sales, Abby - VP Agency
 Arthur,Aiden, Erin,Aaron - SVP Sales, Abby - VP Agency
 Arthur,Aiden, Nina,Aaron - SVP Sales, Abby - VP Agency
 Arthur,Aiden, Noah,Aaron - SVP Sales, Abby - VP Agency
 Arthur,Aiden, Norma,Aaron - SVP Sales, Abby - VP Agency
 Arthur,Aiden, Olivia,Aaron - SVP Sales, Abby - VP Agency
 Ashley, Alan, Ernest,Aaron - SVP Sales, Abby - VP Agency
 Ashley, Alan, Esther,Aaron - SVP Sales, Abby - VP Agency
 Ashley, Alan, Ethan,Aaron - SVP Sales, Abby - VP Agency
 Ashley, Alan, Eugene,Aaron - SVP Sales, Abby - VP Agency
 Ashley, Alan, Mary,Aaron - SVP Sales, Abby - VP Agency
 Austin, Alan, Eva,Aaron - SVP Sales, Abby - VP Agency
 Austin, Alan, Evelyn,Aaron - SVP Sales, Abby - VP Agency
 Austin, Alan, Faith,Aaron - SVP Sales, Abby - VP Agency
 Austin, Alan, Felicia,Aaron - SVP Sales, Abby - VP Agency
 Austin, Alan, Fiona,Aaron - SVP Sales, Abby - VP Agency
 Austin, Alan, Omar,Aaron - SVP Sales, Abby - VP Agency
 Austin, Alan, Owen,Aaron - SVP Sales, Abby - VP Agency
 Ava, Alan, Florence,Aaron - SVP Sales, Abby - VP Agency
 Ava, Alan, Floyd,Aaron - SVP Sales, Abby - VP Agency
 Ava, Alan, Frances,Aaron - SVP Sales, Abby - VP Agency
 Ava, Alan, Frank,Aaron - SVP Sales, Abby - VP Agency
 Ava, Alan, Franklin,Aaron - SVP Sales, Abby - VP Agency
 Ava, Alan, Fred,Aaron - SVP Sales, Abby - VP Agency
 Ava, Alan, Pamela,Aaron - SVP Sales, Abby - VP Agency
 Ava, Alan, Patricia,Aaron - SVP Sales, Abby - VP Agency
 Ava, Alan, Patrick,Aaron - SVP Sales, Abby - VP Agency
 Ava, Alan, Paul,Aaron - SVP Sales, Abby - VP Agency
 Avery, Alan, Frederick,Aaron - SVP Sales, Abby - VP Agency
 Avery, Alan, Gail,Aaron - SVP Sales, Abby - VP Agency
 Avery, Alan, Gary,Aaron - SVP Sales, Abby - VP Agency
 Avery, Alan, Gavin,Aaron - SVP Sales, Abby - VP Agency
 Avery, Alan, Gene,Aaron - SVP Sales, Abby - VP Agency
 Avery, Alan, Mason,Aaron - SVP Sales, Abby - VP Agency
 Avery, Alan, Paula,Aaron - SVP Sales, Abby - VP Agency
 Avery, Alan, Peggy,Aaron - SVP Sales, Abby - VP Agency
 Barbara, Albert, George,Aaron - SVP Sales, Abigail - VP Banca
 Barbara, Albert, Gerald,Aaron - SVP Sales, Abigail - VP Banca
 Barbara, Albert, Geraldine,Aaron - SVP Sales, Abigail - VP Banca
 Barbara, Albert, Gina,Aaron - SVP Sales, Abigail - VP Banca
 Barbara, Albert, Gladys,Aaron - SVP Sales, Abigail - VP Banca
 Barbara, Albert, Penny,Aaron - SVP Sales, Abigail - VP Banca
 Benjamin, Albert, Gloria,Aaron - SVP Sales, Abigail - VP Banca
 Benjamin, Albert, Gordon,Aaron - SVP Sales, Abigail - VP Banca
 Benjamin, Albert, Grace,Aaron - SVP Sales, Abigail - VP Banca
 Benjamin, Albert, Greg,Aaron - SVP Sales, Abigail - VP Banca
 Benjamin, Albert, Gregory,Aaron - SVP Sales, Abigail - VP Banca
 Benjamin, Albert, Gwen,Aaron - SVP Sales, Abigail - VP Banca
 Benjamin, Albert, Peter,Aaron - SVP Sales, Abigail - VP Banca
 Beth, Albert, Hailey,Aaron - SVP Sales, Abigail - VP Banca
 Beth, Albert, Haley,Aaron - SVP Sales, Abigail - VP Banca
 Beth, Albert, Hannah,Aaron - SVP Sales, Abigail - VP Banca
 Beth, Albert, Harold,Aaron - SVP Sales, Abigail - VP Banca
 Beth, Albert, Harry,Aaron - SVP Sales, Abigail - VP Banca
 Beth, Albert, Heather,Aaron - SVP Sales, Abigail - VP Banca
 Beth, Albert, Philip,Aaron - SVP Sales, Abigail - VP Banca
 Betty, Albert, Helen,Aaron - SVP Sales, Abigail - VP Banca
 Betty, Albert, Henry,Aaron - SVP Sales, Abigail - VP Banca
 Betty, Albert, Herbert,Aaron - SVP Sales, Abigail - VP Banca
 Betty, Albert, Holly,Aaron - SVP Sales, Abigail - VP Banca
 Betty, Albert, Howard,Aaron - SVP Sales, Abigail - VP Banca
 Betty, Albert, Ian,Aaron - SVP Sales, Abigail - VP Banca
 Betty, Albert, Matthew,Aaron - SVP Sales, Abigail - VP Banca
 Betty, Albert, Phyllis,Aaron - SVP Sales, Abigail - VP Banca
 Betty, Albert, Preston,Aaron - SVP Sales, Abigail - VP Banca
 Beverly, Albert, Irene,Aaron - SVP Sales, Abigail - VP Banca
 Beverly, Albert, Isaac,Aaron - SVP Sales, Abigail - VP Banca
 Beverly, Albert, Isabelle,Aaron - SVP Sales, Abigail - VP Banca
 Beverly, Albert, Ivan,Aaron - SVP Sales, Abigail - VP Banca
 Beverly, Albert, Jack,Aaron - SVP Sales, Abigail - VP Banca
 Beverly, Albert, Rachel,Aaron - SVP Sales, Abigail - VP Banca
 Beverly, Albert, Ralph,Aaron - SVP Sales, Abigail - VP Banca
 Beverly, Albert, Randy,Aaron - SVP Sales, Abigail - VP Banca
 Bill, Alex, Jackson,Aaron - SVP Sales, Abigail - VP Banca
 Bill, Alex, Jacob,Aaron - SVP Sales, Abigail - VP Banca
 Bill, Alex, Jacqueline,Aaron - SVP Sales, Abigail - VP Banca
 Bill, Alex, Jade,Aaron - SVP Sales, Abigail - VP Banca
 Bill, Alex, James,Aaron - SVP Sales, Abigail - VP Banca
 Bill, Alex, Jamie,Aaron - SVP Sales, Abigail - VP Banca
 Bill, Alex, Jane,Aaron - SVP Sales, Abigail - VP Banca
 Bill, Alex, Raymond,Aaron - SVP Sales, Abigail - VP Banca
 Bill, Alex, Rebecca,Aaron - SVP Sales, Abigail - VP Banca
 Billy, Alex, Janet,Aaron - SVP Sales, Abigail - VP Banca
 Billy, Alex, Jared,Aaron - SVP Sales, Abigail - VP Banca
 Billy, Alex, Jason,Aaron - SVP Sales, Abigail - VP Banca
 Billy, Alex, Jean,Aaron - SVP Sales, Abigail - VP Banca
 Billy, Alex, Jeffrey,Aaron - SVP Sales, Abigail - VP Banca
 Billy, Alex, Jenna,Aaron - SVP Sales, Abigail - VP Banca
 Billy, Alex, Jennifer,Aaron - SVP Sales, Abigail - VP Banca
 Billy, Alex, Regina,Aaron - SVP Sales, Abigail - VP Banca
 Billy, Alex, Renee,Aaron - SVP Sales, Abigail - VP Banca
 Blake, Alexander, Jeremy,Aaron - SVP Sales, Abigail - VP Banca
 Blake, Alexander, Jerry,Aaron - SVP Sales, Abigail - VP Banca
 Blake, Alexander, Jesse,Aaron - SVP Sales, Abigail - VP Banca
 Blake, Alexander, Jessica,Aaron - SVP Sales, Abigail - VP Banca
 Blake, Alexander, Jill,Aaron - SVP Sales, Abigail - VP Banca
 Blake, Alexander, Joel,Aaron - SVP Sales, Abigail - VP Banca
 Blake, Alexander, John,Aaron - SVP Sales, Abigail - VP Banca
 Blake, Alexander, Johnny,Aaron - SVP Sales, Abigail - VP Banca
 Blake, Alexander, Jonathan,Aaron - SVP Sales, Abigail - VP Banca
 Blake, Alexander, Richard,Aaron - SVP Sales, Abigail - VP Banca
 Blake, Alexander, Riley,Aaron - SVP Sales, Abigail - VP Banca
 Bobby, Alexander, Jim,Aaron - SVP Sales, Abigail - VP Banca
 Bobby, Alexander, Joan,Aaron - SVP Sales, Abigail - VP Banca
 Bobby, Alexander, Joe,Aaron - SVP Sales, Abigail - VP Banca
 Bobby, Alexander, Rick,Aaron - SVP Sales, Abigail - VP Banca
 Bobby, Alexander, Ricky,Aaron - SVP Sales, Abigail - VP Banca
 Brandon, Alexander, Jordan,Aaron - SVP Sales, Abigail - VP Banca
 Brandon, Alexander, Joseph,Aaron - SVP Sales, Abigail - VP Banca
 Brandon, Alexander, Joshua,Aaron - SVP Sales, Abigail - VP Banca
 Brandon, Alexander, Joyce,Aaron - SVP Sales, Abigail - VP Banca
 Brandon, Alexander, Juan,Aaron - SVP Sales, Abigail - VP Banca
 Brandon, Alexander, Rita,Aaron - SVP Sales, Abigail - VP Banca
 Brandon, Alexander, Robert,Aaron - SVP Sales, Abigail - VP Banca
 Brenda, Alexander, Judith,Aaron - SVP Sales, Abigail - VP Banca
 Brenda, Alexander, Judy,Aaron - SVP Sales, Abigail - VP Banca
 Brenda, Alexander, Julia,Aaron - SVP Sales, Abigail - VP Banca
 Brenda, Alexander, Julie,Aaron - SVP Sales, Abigail - VP Banca
 Brenda, Alexander, Justin,Aaron - SVP Sales, Abigail - VP Banca
 Brenda, Alexander, Robin,Aaron - SVP Sales, Abigail - VP Banca
 Brenda, Alexander, Roger,Aaron - SVP Sales, Abigail - VP Banca
 Brian, Alexander, Kaitlyn,Aaron - SVP Sales, Abigail - VP Banca
 Brian, Alexander, Karen,Aaron - SVP Sales, Abigail - VP Banca
 Brian, Alexander, Karl,Aaron - SVP Sales, Abigail - VP Banca
 Brian, Alexander, Katherine,Aaron - SVP Sales, Abigail - VP Banca
 Brian, Alexander, Kathleen,Aaron - SVP Sales, Abigail - VP Banca
 Brian, Alexander, Kathryn,Aaron - SVP Sales, Abigail - VP Banca
 Brian, Alexander, Kathy,Aaron - SVP Sales, Abigail - VP Banca
 Brian, Alexander, Maureen,Aaron - SVP Sales, Abigail - VP Banca
 Brian, Alexander, Ronald,Aaron - SVP Sales, Abigail - VP Banca
 Brittany, Alexander, Katie,Aaron - SVP Sales, Abigail - VP Banca
 Brittany, Alexander, Kayla,Aaron - SVP Sales, Abigail - VP Banca
 Brittany, Alexander, Keith,Aaron - SVP Sales, Abigail - VP Banca
 Brittany, Alexander, Kelly,Aaron - SVP Sales, Abigail - VP Banca
 Brittany, Alexander, Ken,Aaron - SVP Sales, Abigail - VP Banca
 Brittany, Alexander, Kenneth,Aaron - SVP Sales, Abigail - VP Banca
 Brittany, Alexander, Max,Aaron - SVP Sales, Abigail - VP Banca
 Brittany, Alexander, Rose,Aaron - SVP Sales, Abigail - VP Banca
 Brittany, Alexander, Roy,Aaron - SVP Sales, Abigail - VP Banca
 Bruce, Alexander, Kevin,Aaron - SVP Sales, Abigail - VP Banca
 Bruce, Alexander, Kim,Aaron - SVP Sales, Abigail - VP Banca
 Bruce, Alexander, Kimberly,Aaron - SVP Sales, Abigail - VP Banca
 Bruce, Alexander, Kirk,Aaron - SVP Sales, Abigail - VP Banca
 Bruce, Alexander, Krista,Aaron - SVP Sales, Abigail - VP Banca
 Bruce, Alexander, Ruby,Aaron - SVP Sales, Abigail - VP Banca
 Bruce, Alexander, Russell,Aaron - SVP Sales, Abigail - VP Banca
 Bryan, Alexander, Kristen,Aaron - SVP Sales, Abigail - VP Banca
 Bryan, Alexander, Kristina,Aaron - SVP Sales, Abigail - VP Banca
 Bryan, Alexander, Kyle,Aaron - SVP Sales, Abigail - VP Banca
 Bryan, Alexander, Laura,Aaron - SVP Sales, Abigail - VP Banca
 Bryan, Alexander, Ruth,Aaron - SVP Sales, Abigail - VP Banca
 Bryan, Alexander, Ryan,Aaron - SVP Sales, Abigail - VP Banca
 Caleb, Alexis, Lauren,Aaron - SVP Sales, Abigail - VP Banca
 Caleb, Alexis, Lawrence,Aaron - SVP Sales, Abigail - VP Banca
 Caleb, Alexis, Leah,Aaron - SVP Sales, Abigail - VP Banca
 Caleb, Alexis, Lee,Aaron - SVP Sales, Abigail - VP Banca
 Caleb, Alexis, Sabrina,Aaron - SVP Sales, Abigail - VP Banca
 Cameron, Alexis, Leslie,Aaron - SVP Sales, Abigail - VP Banca
 Cameron, Alexis, Levi,Aaron - SVP Sales, Abigail - VP Banca
 Cameron, Alexis, Lewis,Aaron - SVP Sales, Abigail - VP Banca
 Cameron, Alexis, Lillian,Aaron - SVP Sales, Abigail - VP Banca
 Cameron, Alexis, Samantha,Aaron - SVP Sales, Abigail - VP Banca
 Cameron, Alexis, Samuel,Aaron - SVP Sales, Abigail - VP Banca
 Carl, Alexis, Linda,Aaron - SVP Sales, Abigail - VP Banca
 Carl, Alexis, Lindsay,Aaron - SVP Sales, Abigail - VP Banca
 Carl, Alexis, Lisa,Aaron - SVP Sales, Abigail - VP Banca
 Carl, Alexis, Liz,Aaron - SVP Sales, Abigail - VP Banca
 Carl, Alexis, Megan,Aaron - SVP Sales, Abigail - VP Banca
 Carl, Alexis, Sandra,Aaron - SVP Sales, Abigail - VP Banca
 Carol, Alexis, Logan,Aaron - SVP Sales, Abigail - VP Banca
 Carol, Alexis, Lori,Aaron - SVP Sales, Abigail - VP Banca
 Carol, Alexis, Louis,Aaron - SVP Sales, Abigail - VP Banca
 Carol, Alexis, Lucas,Aaron - SVP Sales, Abigail - VP Banca
 Carol, Alexis, Luke,Aaron - SVP Sales, Abigail - VP Banca
 Carol, Alexis, Lydia,Aaron - SVP Sales, Abigail - VP Banca
 Carol, Alexis, Lynn,Aaron - SVP Sales, Abigail - VP Banca
 Carol, Alexis, Mabel,Aaron - SVP Sales, Abigail - VP Banca
 Carol, Alexis, Sara,Aaron - SVP Sales, Abigail - VP Banca
 Carol, Alexis, Sarah,Aaron - SVP Sales, Abigail - VP Banca
 Caroline, Alexis, Mackenzie,Aaron - SVP Sales, Abigail - VP Banca
 Caroline, Alexis, Madison,Aaron - SVP Sales, Abigail - VP Banca
 Caroline, Alexis, Maggie,Aaron - SVP Sales, Abigail - VP Banca
 Caroline, Alexis, Malcolm,Aaron - SVP Sales, Abigail - VP Banca
 Caroline, Alexis, Mandy,Aaron - SVP Sales, Abigail - VP Banca
 Caroline, Alexis, Scott,Aaron - SVP Sales, Abigail - VP Banca
 Carolyn, Alexis, Marcus,Aaron - SVP Sales, Abigail - VP Banca
 Carolyn, Alexis, Margaret,Aaron - SVP Sales, Abigail - VP Banca
 Carolyn, Alexis, Maria,Aaron - SVP Sales, Abigail - VP Banca
 Carolyn, Alexis, Marie,Aaron - SVP Sales, Abigail - VP Banca
 Carolyn, Alexis, Marilyn,Aaron - SVP Sales, Abigail - VP Banca
 Carolyn, Alexis, Mark,Aaron - SVP Sales, Abigail - VP Banca
 Carolyn, Alexis, Marlene,Aaron - SVP Sales, Abigail - VP Banca
 Carolyn, Alexis, Sean,Aaron - SVP Sales, Abigail - VP Banca
 Carolyn, Alexis, Seth,Aaron - SVP Sales, Abigail - VP Banca
 Carolyn, Alexis, Shannon,Aaron - SVP Sales, Abigail - VP Banca
Martha,Abigail,Martha,Aaron - SVP Sales, Abigail - VP Banca
