Agency / Banca,ASM Emp Code,ASM Name,City,Date of Joning,Designation,Emp Code,Employee Status,Function,Last Working Date,Name,RHR,RSM Emp Code,RSM Name,RTM,State,Zone
Agency,1, Aaron,All,2014-04-19 00:00:00,VP - Agency,2,Active,Sales,, Abby,Jassi,1, Aaron,Jones,All,All
Agency,4, Adam,All,2010-07-01 00:00:00,RSM - Agency,4,Active,Sales,, Adam,Ankit,2, Abby,Priya,All,North
Agency,5, Adrian,All,2017-10-26 00:00:00,RSM - Agency,5,Active,Sales,, Adrian,Nikhil,2, Abby,Naveen,All,East
Agency,6, Aiden,All,2006-10-18 00:00:00,RSM - Banca,6,Active,Sales,, Aiden,Raswinder,2, Abby,Sahil,All,West
Agency,7, Alan,All,2014-04-21 00:00:00,RSM - Banca,7,Active,Sales,, Alan,Joseph,2, Abby,Varsha,All,South
Agency,12, Alice,All,2013-07-21 00:00:00,ASM - Agency,12,Active,Sales,, Alice,Ankit,4, Adam,Priya,Punjab,North 1
Agency,12, Alice,Amritsar,2013-06-03 00:00:00,SM - Agency,52,Active,Sales,, Carrie,Ankit,4, Adam,Priya,Punjab,North 1
Agency,12, Alice,Bathinda,2016-06-21 00:00:00,SM - Agency,56,Active,Sales,, Charlotte,Ankit,4, Adam,Priya,Punjab,North 1
Agency,12, Alice,Jalandhar,2012-06-02 00:00:00,SM - Agency,265,Exited,Sales,2024-01-06 00:00:00, Melissa,Ankit,4, Adam,Priya,Punjab,North 1
Agency,12, Alice,Jalandhar,2021-04-24 00:00:00,SM - Agency,54,Active,Sales,, Charles,Ankit,4, Adam,Priya,Punjab,North 1
Agency,12, Alice,Ludhiana,2010-06-16 00:00:00,SM - Agency,53,Active,Sales,, Catherine,Ankit,4, Adam,Priya,Punjab,North 1
Agency,12, Alice,Ludhiana,2022-06-29 00:00:00,SM - Agency,264,Exited,Sales,2024-03-15 00:00:00, Melanie,Ankit,4, Adam,Priya,Punjab,North 1
Agency,12, Alice,Mohali,2010-03-16 00:00:00,SM - Agency,57,Active,Sales,, Cheryl,Ankit,4, Adam,Priya,Punjab,North 1
Agency,12, Alice,Patiala,2015-01-26 00:00:00,SM - Agency,55,Active,Sales,, Charlie,Ankit,4, Adam,Priya,Punjab,North 1
Agency,13, Alicia,All,2006-10-01 00:00:00,ASM - Agency,13,Active,Sales,, Alicia,Ankit,4, Adam,Priya,Haryana,North 2
Agency,13, Alicia,Ambala,2006-06-30 00:00:00,SM - Agency,267,Exited,Sales,2024-05-05 00:00:00, Michelle,Ankit,4, Adam,Priya,Haryana,North 2
Agency,13, Alicia,Ambala,2012-12-27 00:00:00,SM - Agency,61,Active,Sales,, Christina,Ankit,4, Adam,Priya,Haryana,North 2
Agency,13, Alicia,Faridabad,2016-11-03 00:00:00,SM - Agency,59,Active,Sales,, Chris,Ankit,4, Adam,Priya,Haryana,North 2
Agency,13, Alicia,Gurgaon,2019-02-06 00:00:00,SM - Agency,58,Active,Sales,, Chloe,Ankit,4, Adam,Priya,Haryana,North 2
Agency,13, Alicia,Panipat,2009-07-19 00:00:00,SM - Agency,266,Exited,Sales,2024-03-23 00:00:00, Michael,Ankit,4, Adam,Priya,Haryana,North 2
Agency,13, Alicia,Panipat,2022-07-20 00:00:00,SM - Agency,60,Active,Sales,, Christian,Ankit,4, Adam,Priya,Haryana,North 2
Agency,14, Alison,Delhi,2006-03-12 00:00:00,ASM - Agency,256,Exited,Sales,2024-01-04 00:00:00, Martin,Ankit,4, Adam,Priya,Delhi,North 3
Agency,14, Alison,Delhi,2011-05-02 00:00:00,ASM - Agency,14,Active,Sales,, Alison,Ankit,4, Adam,Priya,Delhi,North 3
Agency,14, Alison,EastDelhi,2015-03-29 00:00:00,SM - Agency,64,Active,Sales,, Claire,Ankit,4, Adam,Priya,Delhi,North 3
Agency,14, Alison,NewDelhi,2009-12-02 00:00:00,SM - Agency,62,Active,Sales,, Christopher,Ankit,4, Adam,Priya,Delhi,North 3
Agency,14, Alison,SouthDelhi,2023-12-24 00:00:00,SM - Agency,63,Active,Sales,, Cindy,Ankit,4, Adam,Priya,Delhi,North 3
Agency,15, Amanda,All,2020-03-03 00:00:00,ASM - Agency,15,Active,Sales,, Amanda,Ankit,4, Adam,Priya,Bihar,North 5
Agency,15, Amanda,Gaya,2012-05-11 00:00:00,SM - Agency,73,Active,Sales,, Connie,Ankit,4, Adam,Priya,Bihar,North 5
Agency,15, Amanda,Gaya,2018-06-28 00:00:00,SM - Agency,271,Exited,Sales,2024-02-08 00:00:00, Mitchell,Ankit,4, Adam,Priya,Bihar,North 5
Agency,15, Amanda,Patna,2016-04-17 00:00:00,SM - Agency,72,Active,Sales,, Colin,Ankit,4, Adam,Priya,Bihar,North 5
Agency,16, Amber,Agra,2020-03-03 00:00:00,SM - Agency,68,Active,Sales,, Clayton,Ankit,4, Adam,Priya,UP,North 4
Agency,16, Amber,All,2023-07-03 00:00:00,ASM - Agency,16,Active,Sales,, Amber,Ankit,4, Adam,Priya,UP,North 4
Agency,16, Amber,Allahabad,2012-01-04 00:00:00,SM - Agency,69,Active,Sales,, Cliff,Ankit,4, Adam,Priya,UP,North 4
Agency,16, Amber,Bhind,2005-04-22 00:00:00,SM - Agency,71,Active,Sales,, Cody,Ankit,4, Adam,Priya,UP,North 4
Agency,16, Amber,Gorakhpur,2011-08-18 00:00:00,SM - Agency,270,Exited,Sales,2024-02-05 00:00:00, Miranda,Ankit,4, Adam,Priya,UP,North 4
Agency,16, Amber,Gorakhpur,2012-04-11 00:00:00,SM - Agency,70,Active,Sales,, Clifford,Ankit,4, Adam,Priya,UP,North 4
Agency,16, Amber,Kanpur,2006-03-10 00:00:00,SM - Agency,66,Active,Sales,, Clarence,Ankit,4, Adam,Priya,UP,North 4
Agency,16, Amber,Lucknow,2012-06-02 00:00:00,SM - Agency,65,Active,Sales,, Clara,Ankit,4, Adam,Priya,UP,North 4
Agency,16, Amber,Lucknow,2020-02-14 00:00:00,SM - Agency,268,Exited,Sales,2024-01-12 00:00:00, Mike,Ankit,4, Adam,Priya,UP,North 4
Agency,16, Amber,Varanasi,2009-07-20 00:00:00,SM - Agency,67,Active,Sales,, Claudia,Ankit,4, Adam,Priya,UP,North 4
Agency,16, Amber,Varanasi,2012-01-02 00:00:00,SM - Agency,269,Exited,Sales,2024-02-03 00:00:00, Mildred,Ankit,4, Adam,Priya,UP,North 4
Agency,17, Amelia,All,2020-02-06 00:00:00,ASM - Agency,17,Active,Sales,, Amelia,Nikhil,5, Adrian,Naveen,Assam,East 1
Agency,17, Amelia,Dibrugarh,2017-05-06 00:00:00,SM - Agency,75,Active,Sales,, Crystal,Nikhil,5, Adrian,Naveen,Assam,East 1
Agency,17, Amelia,Guwahati,2023-06-10 00:00:00,SM - Agency,74,Active,Sales,, Craig,Nikhil,5, Adrian,Naveen,Assam,East 1
Agency,18, Amy,All,2011-02-01 00:00:00,ASM - Agency,18,Active,Sales,, Amy,Nikhil,5, Adrian,Naveen,Meghalya,East 2
Agency,18, Amy,Jowai,2017-03-11 00:00:00,SM - Agency,78,Active,Sales,, Dale,Nikhil,5, Adrian,Naveen,Meghalya,East 2
Agency,18, Amy,Jowai,2017-03-28 00:00:00,SM - Agency,272,Exited,Sales,2024-04-02 00:00:00, Molly,Nikhil,5, Adrian,Naveen,Meghalya,East 2
Agency,18, Amy,Shillong,2008-07-15 00:00:00,SM - Agency,76,Active,Sales,, Curtis,Nikhil,5, Adrian,Naveen,Meghalya,East 2
Agency,18, Amy,Tura,2007-07-31 00:00:00,SM - Agency,77,Active,Sales,, Cynthia,Nikhil,5, Adrian,Naveen,Meghalya,East 2
Agency,19, Andrea,Agartala,2015-11-30 00:00:00,SM - Agency,79,Active,Sales,, Daniel,Nikhil,5, Adrian,Naveen,Tripura,East 3
Agency,19, Andrea,Agartala,2017-12-02 00:00:00,SM - Agency,273,Exited,Sales,2024-03-05 00:00:00, Monica,Nikhil,5, Adrian,Naveen,Tripura,East 3
Agency,19, Andrea,All,2017-01-13 00:00:00,ASM - Agency,19,Active,Sales,, Andrea,Nikhil,5, Adrian,Naveen,Tripura,East 3
Agency,19, Andrea,Udaipur,2013-02-11 00:00:00,SM - Agency,80,Active,Sales,, Danielle,Nikhil,5, Adrian,Naveen,Tripura,East 3
Agency,20, Andrew,Aizawl,2007-10-09 00:00:00,SM - Agency,81,Active,Sales,, Darla,Nikhil,5, Adrian,Naveen,Mizoram,East 4
Agency,20, Andrew,All,2017-03-31 00:00:00,ASM - Agency,20,Active,Sales,, Andrew,Nikhil,5, Adrian,Naveen,Mizoram,East 4
Agency,20, Andrew,All,2020-09-30 00:00:00,ASM - Agency,257,Exited,Sales,2024-01-11 00:00:00, Marvin,Nikhil,5, Adrian,Naveen,Mizoram,East 4
Agency,20, Andrew,Lunglei,2007-12-14 00:00:00,SM - Agency,82,Active,Sales,, David,Nikhil,5, Adrian,Naveen,Mizoram,East 4
Agency,21, Angela,All,2020-05-10 00:00:00,ASM - Agency,21,Active,Sales,, Angela,Raswinder,6, Aiden,Sahil,Maharashtra Urban,West 1
Agency,21, Angela,Amravati,2005-07-14 00:00:00,SM - Agency,275,Exited,Sales,2024-02-25 00:00:00, Nancy,Raswinder,6, Aiden,Sahil,Maharashtra Urban,West 1
Agency,21, Angela,Amravati,2012-02-19 00:00:00,SM - Agency,89,Active,Sales,, Derek,Raswinder,6, Aiden,Sahil,Maharashtra Urban,West 1
Agency,21, Angela,Aurangabad,2012-12-27 00:00:00,SM - Agency,86,Active,Sales,, Deborah,Raswinder,6, Aiden,Sahil,Maharashtra Urban,West 1
Agency,21, Angela,Kohlapur,2017-04-02 00:00:00,SM - Agency,90,Active,Sales,, Diana,Raswinder,6, Aiden,Sahil,Maharashtra Urban,West 1
Agency,21, Angela,Nagpur,2011-12-06 00:00:00,SM - Agency,84,Active,Sales,, Dean,Raswinder,6, Aiden,Sahil,Maharashtra Urban,West 1
Agency,21, Angela,Nashik,2020-12-25 00:00:00,SM - Agency,85,Active,Sales,, Debbie,Raswinder,6, Aiden,Sahil,Maharashtra Urban,West 1
Agency,21, Angela,Pune,2007-06-29 00:00:00,SM - Agency,83,Active,Sales,, Dawn,Raswinder,6, Aiden,Sahil,Maharashtra Urban,West 1
Agency,21, Angela,Sangli,2009-02-07 00:00:00,SM - Agency,91,Active,Sales,, Diane,Raswinder,6, Aiden,Sahil,Maharashtra Urban,West 1
Agency,21, Angela,Solapur,2009-03-02 00:00:00,SM - Agency,88,Active,Sales,, Denise,Raswinder,6, Aiden,Sahil,Maharashtra Urban,West 1
Agency,21, Angela,Thane,2013-08-31 00:00:00,SM - Agency,274,Exited,Sales,2024-03-13 00:00:00, Morgan,Raswinder,6, Aiden,Sahil,Maharashtra Urban,West 1
Agency,21, Angela,Thane,2014-09-07 00:00:00,SM - Agency,87,Active,Sales,, Debra,Raswinder,6, Aiden,Sahil,Maharashtra Urban,West 1
Agency,22, Anna,Ahmednagar,2008-08-20 00:00:00,SM - Agency,93,Active,Sales,, Donna,Raswinder,6, Aiden,Sahil,Maharashtra Rural,West 2
Agency,22, Anna,Ahmednagar,2018-06-01 00:00:00,SM - Agency,276,Exited,Sales,2024-02-14 00:00:00, Natalie,Raswinder,6, Aiden,Sahil,Maharashtra Rural,West 2
Agency,22, Anna,All,2008-03-14 00:00:00,ASM - Agency,22,Active,Sales,, Anna,Raswinder,6, Aiden,Sahil,Maharashtra Rural,West 2
Agency,22, Anna,Jalgaon,2014-12-23 00:00:00,SM - Agency,92,Active,Sales,, Donald,Raswinder,6, Aiden,Sahil,Maharashtra Rural,West 2
Agency,22, Anna,Satara,2007-04-17 00:00:00,SM - Agency,277,Exited,Sales,2024-02-05 00:00:00, Nathan,Raswinder,6, Aiden,Sahil,Maharashtra Rural,West 2
Agency,22, Anna,Satara,2010-06-13 00:00:00,SM - Agency,94,Active,Sales,, Doris,Raswinder,6, Aiden,Sahil,Maharashtra Rural,West 2
Agency,23, Anthony,All,2023-09-17 00:00:00,ASM - Agency,23,Active,Sales,, Anthony,Raswinder,6, Aiden,Sahil,Goa,West 3
Agency,23, Anthony,Mapusa,2017-09-19 00:00:00,SM - Agency,98,Active,Sales,, Ed,Raswinder,6, Aiden,Sahil,Goa,West 3
Agency,23, Anthony,Margao,2019-11-23 00:00:00,SM - Agency,279,Exited,Sales,2024-01-02 00:00:00, Neil,Raswinder,6, Aiden,Sahil,Goa,West 3
Agency,23, Anthony,Margao,2020-12-14 00:00:00,SM - Agency,96,Active,Sales,, Douglas,Raswinder,6, Aiden,Sahil,Goa,West 3
Agency,23, Anthony,Panaji,2018-09-18 00:00:00,SM - Agency,95,Active,Sales,, Dorothy,Raswinder,6, Aiden,Sahil,Goa,West 3
Agency,23, Anthony,Panaji,2021-06-06 00:00:00,SM - Agency,278,Exited,Sales,2024-02-22 00:00:00, Nathaniel,Raswinder,6, Aiden,Sahil,Goa,West 3
Agency,23, Anthony,VascodaGama,2011-11-21 00:00:00,SM - Agency,97,Active,Sales,, Dylan,Raswinder,6, Aiden,Sahil,Goa,West 3
Agency,23, Anthony,VascodaGama,2015-08-05 00:00:00,SM - Agency,280,Exited,Sales,2024-05-05 00:00:00, Nicholas,Raswinder,6, Aiden,Sahil,Goa,West 3
Agency,24, Antonio,Ajmer,2008-07-28 00:00:00,SM - Agency,103,Active,Sales,, Edward,Raswinder,6, Aiden,Sahil,Rajasthan,West 4
Agency,24, Antonio,All,2005-06-05 00:00:00,ASM - Agency,24,Active,Sales,, Antonio,Raswinder,6, Aiden,Sahil,Rajasthan,West 4
Agency,24, Antonio,Bikaner,2014-10-19 00:00:00,SM - Agency,104,Active,Sales,, Elaine,Raswinder,6, Aiden,Sahil,Rajasthan,West 4
Agency,24, Antonio,Jaipur,2020-08-12 00:00:00,SM - Agency,99,Active,Sales,, Eddie,Raswinder,6, Aiden,Sahil,Rajasthan,West 4
Agency,24, Antonio,Jodhpur,2016-09-20 00:00:00,SM - Agency,100,Active,Sales,, Edgar,Raswinder,6, Aiden,Sahil,Rajasthan,West 4
Agency,24, Antonio,Kota,2015-08-14 00:00:00,SM - Agency,102,Active,Sales,, Edna,Raswinder,6, Aiden,Sahil,Rajasthan,West 4
Agency,24, Antonio,Udaipur,2022-10-13 00:00:00,SM - Agency,101,Active,Sales,, Edith,Raswinder,6, Aiden,Sahil,Rajasthan,West 4
Agency,25, April,Ahmedabad,2024-01-02 00:00:00,SM - Agency,105,Active,Sales,, Elena,Raswinder,6, Aiden,Sahil,Gujarat,West 5
Agency,25, April,All,2019-04-25 00:00:00,ASM - Agency,25,Active,Sales,, April,Raswinder,6, Aiden,Sahil,Gujarat,West 5
Agency,25, April,Bhavnagar,2011-11-17 00:00:00,SM - Agency,109,Active,Sales,, Elizabeth,Raswinder,6, Aiden,Sahil,Gujarat,West 5
Agency,25, April,Jamnagar,2014-08-11 00:00:00,SM - Agency,110,Active,Sales,, Ella,Raswinder,6, Aiden,Sahil,Gujarat,West 5
Agency,25, April,Jamnagar,2014-11-29 00:00:00,SM - Agency,281,Exited,Sales,2024-05-05 00:00:00, Nicole,Raswinder,6, Aiden,Sahil,Gujarat,West 5
Agency,25, April,Rajkot,2023-11-30 00:00:00,SM - Agency,108,Active,Sales,, Elijah,Raswinder,6, Aiden,Sahil,Gujarat,West 5
Agency,25, April,Surat,2023-08-15 00:00:00,SM - Agency,106,Active,Sales,, Eli,Raswinder,6, Aiden,Sahil,Gujarat,West 5
Agency,25, April,Vadodara,2018-09-18 00:00:00,SM - Agency,107,Active,Sales,, Elias,Raswinder,6, Aiden,Sahil,Gujarat,West 5
Agency,26, Arthur,Kalyan,2013-05-10 00:00:00,SM - Agency,285,Exited,Sales,2024-02-07 00:00:00, Olivia,Raswinder,6, Aiden,Sahil,Mumbai,West 6
Agency,26, Arthur,Kalyan,2018-07-13 00:00:00,SM - Agency,114,Active,Sales,, Eric,Raswinder,6, Aiden,Sahil,Mumbai,West 6
Agency,26, Arthur,Mumbai,2005-11-10 00:00:00,ASM - Agency,26,Active,Sales,, Arthur,Raswinder,6, Aiden,Sahil,Maharashtra Mumbai,West 6
Agency,26, Arthur,Mumbai,2009-06-11 00:00:00,SM - Agency,282,Exited,Sales,2024-01-16 00:00:00, Nina,Raswinder,6, Aiden,Sahil,Mumbai,West 6
Agency,26, Arthur,Mumbai,2009-07-01 00:00:00,SM - Agency,116,Active,Sales,, Erin,Raswinder,6, Aiden,Sahil,Mumbai,West 6
Agency,26, Arthur,Mumbai,2022-07-10 00:00:00,SM - Agency,111,Active,Sales,, Ellen,Raswinder,6, Aiden,Sahil,Mumbai,West 6
Agency,26, Arthur,NaviMumbai,2016-09-06 00:00:00,SM - Agency,283,Exited,Sales,2024-04-25 00:00:00, Noah,Raswinder,6, Aiden,Sahil,Mumbai,West 6
Agency,26, Arthur,NaviMumbai,2021-02-23 00:00:00,SM - Agency,112,Active,Sales,, Emily,Raswinder,6, Aiden,Sahil,Mumbai,West 6
Agency,26, Arthur,Thane,2012-02-02 00:00:00,SM - Agency,113,Active,Sales,, Emma,Raswinder,6, Aiden,Sahil,Mumbai,West 6
Agency,26, Arthur,Thane,2023-12-17 00:00:00,SM - Agency,284,Exited,Sales,2024-05-05 00:00:00, Norma,Raswinder,6, Aiden,Sahil,Mumbai,West 6
Agency,26, Arthur,Vasai-Virar,2013-03-26 00:00:00,SM - Agency,115,Active,Sales,, Erica,Raswinder,6, Aiden,Sahil,Mumbai,West 6
Agency,27, Ashley,All,2010-04-24 00:00:00,ASM - Agency,27,Active,Sales,, Ashley,Joseph,7, Alan,Varsha,Kerela,South 1
Agency,27, Ashley,All,2022-09-05 00:00:00,ASM - Agency,258,Exited,Sales,2024-04-05 00:00:00, Mary,Joseph,7, Alan,Varsha,Kerela,South 1
Agency,27, Ashley,Kochi,2023-04-05 00:00:00,SM - Agency,118,Active,Sales,, Esther,Joseph,7, Alan,Varsha,Kerela,South 1
Agency,27, Ashley,Kozhikode,2007-02-11 00:00:00,SM - Agency,119,Active,Sales,, Ethan,Joseph,7, Alan,Varsha,Kerela,South 1
Agency,27, Ashley,Thiruvananthapuram,2009-11-05 00:00:00,SM - Agency,117,Active,Sales,, Ernest,Joseph,7, Alan,Varsha,Kerela,South 1
Agency,27, Ashley,Thrissur,2022-06-06 00:00:00,SM - Agency,120,Active,Sales,, Eugene,Joseph,7, Alan,Varsha,Kerela,South 1
Agency,28, Austin,All,2010-09-09 00:00:00,ASM - Agency,28,Active,Sales,, Austin,Joseph,7, Alan,Varsha,Karnataka,South 2
Agency,28, Austin,Belagavi,2011-02-18 00:00:00,SM - Agency,124,Active,Sales,, Felicia,Joseph,7, Alan,Varsha,Karnataka,South 2
Agency,28, Austin,Belagavi,2017-04-30 00:00:00,SM - Agency,286,Exited,Sales,2024-01-17 00:00:00, Omar,Joseph,7, Alan,Varsha,Karnataka,South 2
Agency,28, Austin,Coorg,2012-05-20 00:00:00,SM - Agency,287,Exited,Sales,2024-02-15 00:00:00, Owen,Joseph,7, Alan,Varsha,Karnataka,South 2
Agency,28, Austin,Coorg,2018-03-15 00:00:00,SM - Agency,125,Active,Sales,, Fiona,Joseph,7, Alan,Varsha,Karnataka,South 2
Agency,28, Austin,Hubballi-Dharwad,2021-05-11 00:00:00,SM - Agency,123,Active,Sales,, Faith,Joseph,7, Alan,Varsha,Karnataka,South 2
Agency,28, Austin,Mangaluru,2023-06-10 00:00:00,SM - Agency,122,Active,Sales,, Evelyn,Joseph,7, Alan,Varsha,Karnataka,South 2
Agency,28, Austin,Mysuru,2012-12-13 00:00:00,SM - Agency,121,Active,Sales,, Eva,Joseph,7, Alan,Varsha,Karnataka,South 2
Agency,29, Ava,All,2016-11-27 00:00:00,ASM - Agency,29,Active,Sales,, Ava,Joseph,7, Alan,Varsha,Tamil Nadu,South 3
Agency,29, Ava,Chennai,2008-09-01 00:00:00,SM - Agency,288,Exited,Sales,2024-05-05 00:00:00, Pamela,Joseph,7, Alan,Varsha,Tamil Nadu,South 3
Agency,29, Ava,Chennai,2010-11-20 00:00:00,SM - Agency,126,Active,Sales,, Florence,Joseph,7, Alan,Varsha,Tamil Nadu,South 3
Agency,29, Ava,Coimbatore,2007-02-23 00:00:00,SM - Agency,289,Exited,Sales,2024-03-02 00:00:00, Patricia,Joseph,7, Alan,Varsha,Tamil Nadu,South 3
Agency,29, Ava,Coimbatore,2009-04-09 00:00:00,SM - Agency,127,Active,Sales,, Floyd,Joseph,7, Alan,Varsha,Tamil Nadu,South 3
Agency,29, Ava,Madurai,2006-01-19 00:00:00,SM - Agency,128,Active,Sales,, Frances,Joseph,7, Alan,Varsha,Tamil Nadu,South 3
Agency,29, Ava,Salem,2013-07-15 00:00:00,SM - Agency,290,Exited,Sales,2024-03-21 00:00:00, Patrick,Joseph,7, Alan,Varsha,Tamil Nadu,South 3
Agency,29, Ava,Salem,2016-05-28 00:00:00,SM - Agency,130,Active,Sales,, Franklin,Joseph,7, Alan,Varsha,Tamil Nadu,South 3
Agency,29, Ava,Tiruchirappalli,2014-11-09 00:00:00,SM - Agency,129,Active,Sales,, Frank,Joseph,7, Alan,Varsha,Tamil Nadu,South 3
Agency,29, Ava,Tirunelveli,2006-03-31 00:00:00,SM - Agency,291,Exited,Sales,2024-02-13 00:00:00, Paul,Joseph,7, Alan,Varsha,Tamil Nadu,South 3
Agency,29, Ava,Tirunelveli,2022-03-19 00:00:00,SM - Agency,131,Active,Sales,, Fred,Joseph,7, Alan,Varsha,Tamil Nadu,South 3
Agency,30, Avery,All,2014-04-01 00:00:00,ASM - Agency,30,Active,Sales,, Avery,Joseph,7, Alan,Varsha,Andhra Pradesh,South 4
Agency,30, Avery,All,2020-05-13 00:00:00,ASM - Agency,259,Exited,Sales,2024-01-02 00:00:00, Mason,Joseph,7, Alan,Varsha,Andhra Pradesh,South 4
Agency,30, Avery,Guntur,2018-06-20 00:00:00,SM - Agency,134,Active,Sales,, Gary,Joseph,7, Alan,Varsha,Andhra Pradesh,South 4
Agency,30, Avery,Kurnool,2008-03-29 00:00:00,SM - Agency,136,Active,Sales,, Gene,Joseph,7, Alan,Varsha,Andhra Pradesh,South 4
Agency,30, Avery,Nellore,2006-04-04 00:00:00,SM - Agency,135,Active,Sales,, Gavin,Joseph,7, Alan,Varsha,Andhra Pradesh,South 4
Agency,30, Avery,Vijayawada,2010-09-21 00:00:00,SM - Agency,293,Exited,Sales,2024-02-02 00:00:00, Peggy,Joseph,7, Alan,Varsha,Andhra Pradesh,South 4
Agency,30, Avery,Vijayawada,2021-01-02 00:00:00,SM - Agency,133,Active,Sales,, Gail,Joseph,7, Alan,Varsha,Andhra Pradesh,South 4
Agency,30, Avery,Visakhapatnam,2018-08-23 00:00:00,SM - Agency,132,Active,Sales,, Frederick,Joseph,7, Alan,Varsha,Andhra Pradesh,South 4
Agency,30, Avery,Visakhapatnam,2020-03-17 00:00:00,SM - Agency,292,Exited,Sales,2024-03-28 00:00:00, Paula,Joseph,7, Alan,Varsha,Andhra Pradesh,South 4
All,0,NA,All,2012-12-11 00:00:00,CEO,1000,Active,CEO,,Rajiv,Jassi,0,NA,Jones,All,All
All,1000,CEO,All,2006-10-17 00:00:00,SVP - HR,1009,Active,HR,,Jassi,Jassi,1000,CEO,Jones,All,All
All,1000,CEO,All,2017-04-09 00:00:00,SVP - TM,1010,Active,Training,,Jones,Jassi,1000,CEO,Jones,All,All
All,1000,CEO,All,2018-12-03 00:00:00,SVP - Sales,1,Active,Sales,, Aaron,Jassi,1000,CEO,Jones,All,All
All,1009,Jassi,All,2006-03-02 00:00:00,RHR - East,1002,Active,HR,,Nikhil,Jassi,1009,Jassi,Jones,All,East
All,1009,Jassi,All,2010-03-01 00:00:00,RHR - West,1003,Active,HR,,Raswinder,Jassi,1009,Jassi,Jones,All,West
All,1009,Jassi,All,2012-07-13 00:00:00,RHR - North,1001,Active,HR,,Ankit,Jassi,1009,Jassi,Jones,All,North
All,1009,Jassi,All,2018-11-23 00:00:00,RHR - South,1004,Active,HR,,Joseph,Jassi,1009,Jassi,Jones,All,South
All,1010,Jones,All,2012-08-07 00:00:00,RTM - South,1008,Active,Training,,Varsha,Jassi,1010,Jones,Jones,All,South
All,1010,Jones,All,2015-06-04 00:00:00,RTM - North,1005,Active,Training,,Priya,Jassi,1010,Jones,Jones,All,North
All,1010,Jones,All,2017-08-10 00:00:00,RTM - East,1006,Active,Training,,Naveen,Jassi,1010,Jones,Jones,All,East
All,1010,Jones,All,2023-06-22 00:00:00,RTM - West,1007,Active,Training,,Sahil,Jassi,1010,Jones,Jones,All,West
Banca,1, Aaron,All,2021-12-05 00:00:00,VP - Banca,3,Active,Sales,, Abigail,Jassi,1, Aaron,Jones,All,All
Banca,8, Albert,All,2019-10-02 00:00:00,RSM - Banca,8,Active,Sales,, Albert,Ankit,3, Abigail,Priya,All,North
Banca,9, Alex,All,2021-05-19 00:00:00,RSM - Banca,9,Active,Sales,, Alex,Nikhil,3, Abigail,Naveen,All,East
Banca,10, Alexander,All,2010-07-21 00:00:00,RSM - Banca,10,Active,Sales,, Alexander,Raswinder,3, Abigail,Sahil,All,West
Banca,11, Alexis,All,2013-03-25 00:00:00,RSM - Banca,11,Active,Sales,, Alexis,Joseph,3, Abigail,Varsha,All,South
Banca,31, Barbara,All,2011-07-02 00:00:00,ASM - Banca,31,Active,Sales,, Barbara,Ankit,8, Albert,Priya,Punjab,North 1
Banca,31, Barbara,Amritsar,2021-12-21 00:00:00,SM - Banca,137,Active,Sales,, George,Ankit,8, Albert,Priya,Punjab,North 1
Banca,31, Barbara,Bathinda,2005-02-28 00:00:00,SM - Banca,294,Exited,Sales,2024-02-03 00:00:00, Penny,Ankit,8, Albert,Priya,Punjab,North 1
Banca,31, Barbara,Bathinda,2020-08-15 00:00:00,SM - Banca,141,Active,Sales,, Gladys,Ankit,8, Albert,Priya,Punjab,North 1
Banca,31, Barbara,Jalandhar,2018-07-16 00:00:00,SM - Banca,139,Active,Sales,, Geraldine,Ankit,8, Albert,Priya,Punjab,North 1
Banca,31, Barbara,Ludhiana,2007-02-13 00:00:00,SM - Banca,138,Active,Sales,, Gerald,Ankit,8, Albert,Priya,Punjab,North 1
Banca,31, Barbara,Patiala,2023-10-02 00:00:00,SM - Banca,140,Active,Sales,, Gina,Ankit,8, Albert,Priya,Punjab,North 1
Banca,32, Benjamin,All,2012-12-22 00:00:00,ASM - Banca,32,Active,Sales,, Benjamin,Ankit,8, Albert,Priya,Haryana,North 2
Banca,32, Benjamin,Ambala,2016-10-10 00:00:00,SM - Banca,146,Active,Sales,, Gregory,Ankit,8, Albert,Priya,Haryana,North 2
Banca,32, Benjamin,Faridabad,2018-12-14 00:00:00,SM - Banca,144,Active,Sales,, Grace,Ankit,8, Albert,Priya,Haryana,North 2
Banca,32, Benjamin,Gurgaon,2006-10-10 00:00:00,SM - Banca,143,Active,Sales,, Gordon,Ankit,8, Albert,Priya,Haryana,North 2
Banca,32, Benjamin,Mohali,2005-11-15 00:00:00,SM - Banca,295,Exited,Sales,2024-05-05 00:00:00, Peter,Ankit,8, Albert,Priya,Haryana,North 2
Banca,32, Benjamin,Mohali,2010-05-21 00:00:00,SM - Banca,147,Active,Sales,, Gwen,Ankit,8, Albert,Priya,Haryana,North 2
Banca,32, Benjamin,Mohali,2017-02-28 00:00:00,SM - Banca,142,Active,Sales,, Gloria,Ankit,8, Albert,Priya,Haryana,North 2
Banca,32, Benjamin,Panipat,2022-12-22 00:00:00,SM - Banca,145,Active,Sales,, Greg,Ankit,8, Albert,Priya,Haryana,North 2
Banca,33, Beth,Delhi,2005-09-22 00:00:00,SM - Banca,153,Active,Sales,, Heather,Ankit,8, Albert,Priya,Delhi,North 3
Banca,33, Beth,Delhi,2006-07-18 00:00:00,ASM - Banca,33,Active,Sales,, Beth,Ankit,8, Albert,Priya,Delhi,North 3
Banca,33, Beth,Delhi,2009-10-07 00:00:00,SM - Banca,149,Active,Sales,, Haley,Ankit,8, Albert,Priya,Delhi,North 3
Banca,33, Beth,Delhi,2009-12-02 00:00:00,SM - Banca,152,Active,Sales,, Harry,Ankit,8, Albert,Priya,Delhi,North 3
Banca,33, Beth,Delhi,2010-03-18 00:00:00,SM - Banca,296,Exited,Sales,2024-05-05 00:00:00, Philip,Ankit,8, Albert,Priya,Delhi,North 3
Banca,33, Beth,Delhi,2016-01-21 00:00:00,SM - Banca,148,Active,Sales,, Hailey,Ankit,8, Albert,Priya,Delhi,North 3
Banca,33, Beth,Delhi,2018-01-25 00:00:00,SM - Banca,151,Active,Sales,, Harold,Ankit,8, Albert,Priya,Delhi,North 3
Banca,33, Beth,Delhi,2020-02-01 00:00:00,SM - Banca,150,Active,Sales,, Hannah,Ankit,8, Albert,Priya,Delhi,North 3
Banca,34, Betty,Agra,2015-01-22 00:00:00,SM - Banca,157,Active,Sales,, Holly,Ankit,8, Albert,Priya,UP,North 4
Banca,34, Betty,All,2010-10-01 00:00:00,ASM - Banca,34,Active,Sales,, Betty,Ankit,8, Albert,Priya,UP,North 4
Banca,34, Betty,All,2019-06-28 00:00:00,ASM - Banca,260,Exited,Sales,2024-03-17 00:00:00, Matthew,Ankit,8, Albert,Priya,UP,North 4
Banca,34, Betty,Allahabad,2011-05-12 00:00:00,SM - Banca,158,Active,Sales,, Howard,Ankit,8, Albert,Priya,UP,North 4
Banca,34, Betty,Gorakhpur,2015-06-11 00:00:00,SM - Banca,159,Active,Sales,, Ian,Ankit,8, Albert,Priya,UP,North 4
Banca,34, Betty,Kanpur,2013-07-27 00:00:00,SM - Banca,298,Exited,Sales,2024-03-21 00:00:00, Preston,Ankit,8, Albert,Priya,UP,North 4
Banca,34, Betty,Kanpur,2024-04-14 00:00:00,SM - Banca,155,Active,Sales,, Henry,Ankit,8, Albert,Priya,UP,North 4
Banca,34, Betty,Lucknow,2018-11-23 00:00:00,SM - Banca,297,Exited,Sales,2024-02-17 00:00:00, Phyllis,Ankit,8, Albert,Priya,UP,North 4
Banca,34, Betty,Lucknow,2020-04-02 00:00:00,SM - Banca,154,Active,Sales,, Helen,Ankit,8, Albert,Priya,UP,North 4
Banca,34, Betty,Varanasi,2014-06-11 00:00:00,SM - Banca,156,Active,Sales,, Herbert,Ankit,8, Albert,Priya,UP,North 4
Banca,35, Beverly,All,2006-12-08 00:00:00,ASM - Banca,35,Active,Sales,, Beverly,Ankit,8, Albert,Priya,Bihar,North 5
Banca,35, Beverly,Begusarai,2011-09-10 00:00:00,SM - Banca,300,Exited,Sales,2024-05-05 00:00:00, Ralph,Ankit,8, Albert,Priya,Bihar,North 5
Banca,35, Beverly,Begusarai,2014-04-13 00:00:00,SM - Banca,163,Active,Sales,, Ivan,Ankit,8, Albert,Priya,Bihar,North 5
Banca,35, Beverly,Darbhanga,2018-04-02 00:00:00,SM - Banca,299,Exited,Sales,2024-05-05 00:00:00, Rachel,Ankit,8, Albert,Priya,Bihar,North 5
Banca,35, Beverly,Darbhanga,2023-10-03 00:00:00,SM - Banca,162,Active,Sales,, Isabelle,Ankit,8, Albert,Priya,Bihar,North 5
Banca,35, Beverly,Gaya,2023-04-19 00:00:00,SM - Banca,161,Active,Sales,, Isaac,Ankit,8, Albert,Priya,Bihar,North 5
Banca,35, Beverly,Katihar,2005-12-20 00:00:00,SM - Banca,164,Active,Sales,, Jack,Ankit,8, Albert,Priya,Bihar,North 5
Banca,35, Beverly,Katihar,2012-03-23 00:00:00,SM - Banca,301,Exited,Sales,2024-01-14 00:00:00, Randy,Ankit,8, Albert,Priya,Bihar,North 5
Banca,35, Beverly,Patna,2009-08-27 00:00:00,SM - Banca,160,Active,Sales,, Irene,Ankit,8, Albert,Priya,Bihar,North 5
Banca,36, Bill,All,2018-05-27 00:00:00,ASM - Banca,36,Active,Sales,, Bill,Nikhil,9, Alex,Naveen,Assam,East 1
Banca,36, Bill,Dibrugarh,2011-08-03 00:00:00,SM - Banca,302,Exited,Sales,2024-02-29 00:00:00, Raymond,Nikhil,9, Alex,Naveen,Assam,East 1
Banca,36, Bill,Dibrugarh,2013-02-04 00:00:00,SM - Banca,166,Active,Sales,, Jacob,Nikhil,9, Alex,Naveen,Assam,East 1
Banca,36, Bill,Guwahati,2018-12-29 00:00:00,SM - Banca,165,Active,Sales,, Jackson,Nikhil,9, Alex,Naveen,Assam,East 1
Banca,36, Bill,Jorhat,2014-11-03 00:00:00,SM - Banca,167,Active,Sales,, Jacqueline,Nikhil,9, Alex,Naveen,Assam,East 1
Banca,36, Bill,Jorhat,2017-06-06 00:00:00,SM - Banca,303,Exited,Sales,2024-03-31 00:00:00, Rebecca,Nikhil,9, Alex,Naveen,Assam,East 1
Banca,36, Bill,Nagaon,2006-12-23 00:00:00,SM - Banca,170,Active,Sales,, Jamie,Nikhil,9, Alex,Naveen,Assam,East 1
Banca,36, Bill,Silchar,2022-09-08 00:00:00,SM - Banca,168,Active,Sales,, Jade,Nikhil,9, Alex,Naveen,Assam,East 1
Banca,36, Bill,Tezpur,2013-09-28 00:00:00,SM - Banca,169,Active,Sales,, James,Nikhil,9, Alex,Naveen,Assam,East 1
Banca,36, Bill,Tinsukia,2023-08-03 00:00:00,SM - Banca,171,Active,Sales,, Jane,Nikhil,9, Alex,Naveen,Assam,East 1
Banca,37, Billy,All,2012-08-14 00:00:00,ASM - Banca,37,Active,Sales,, Billy,Nikhil,9, Alex,Naveen,Meghalya,East 2
Banca,37, Billy,Cherrapunji,2012-08-22 00:00:00,SM - Banca,177,Active,Sales,, Jenna,Nikhil,9, Alex,Naveen,Meghalya,East 2
Banca,37, Billy,Jowai,2005-02-24 00:00:00,SM - Banca,174,Active,Sales,, Jason,Nikhil,9, Alex,Naveen,Meghalya,East 2
Banca,37, Billy,Nongpoh,2023-08-09 00:00:00,SM - Banca,178,Active,Sales,, Jennifer,Nikhil,9, Alex,Naveen,Meghalya,East 2
Banca,37, Billy,Nongstoin,2021-04-05 00:00:00,SM - Banca,175,Active,Sales,, Jean,Nikhil,9, Alex,Naveen,Meghalya,East 2
Banca,37, Billy,Shillong,2011-10-12 00:00:00,SM - Banca,172,Active,Sales,, Janet,Nikhil,9, Alex,Naveen,Meghalya,East 2
Banca,37, Billy,Shillong,2023-10-30 00:00:00,SM - Banca,304,Exited,Sales,2024-03-24 00:00:00, Regina,Nikhil,9, Alex,Naveen,Meghalya,East 2
Banca,37, Billy,Tura,2018-02-11 00:00:00,SM - Banca,305,Exited,Sales,2024-05-05 00:00:00, Renee,Nikhil,9, Alex,Naveen,Meghalya,East 2
Banca,37, Billy,Tura,2023-10-21 00:00:00,SM - Banca,173,Active,Sales,, Jared,Nikhil,9, Alex,Naveen,Meghalya,East 2
Banca,37, Billy,Williamnagar,2021-05-10 00:00:00,SM - Banca,176,Active,Sales,, Jeffrey,Nikhil,9, Alex,Naveen,Meghalya,East 2
Banca,38, Blake,All,2014-12-03 00:00:00,ASM - Banca,38,Active,Sales,, Blake,Raswinder,10, Alexander,Sahil,Maharashtra Urban,West 1
Banca,38, Blake,Amravati,2009-03-14 00:00:00,SM - Banca,181,Active,Sales,, Jesse,Raswinder,10, Alexander,Sahil,Maharashtra Urban,West 1
Banca,38, Blake,Aurangabad,2016-02-07 00:00:00,SM - Banca,309,Exited,Sales,2024-01-05 00:00:00, Riley,Raswinder,10, Alexander,Sahil,Maharashtra Urban,West 1
Banca,38, Blake,Aurangabad,2019-09-04 00:00:00,SM - Banca,190,Active,Sales,, Jonathan,Raswinder,10, Alexander,Sahil,Maharashtra Urban,West 1
Banca,38, Blake,Kohlapur,2009-10-08 00:00:00,SM - Banca,182,Active,Sales,, Jessica,Raswinder,10, Alexander,Sahil,Maharashtra Urban,West 1
Banca,38, Blake,Nagpur,2006-11-30 00:00:00,SM - Banca,188,Active,Sales,, John,Raswinder,10, Alexander,Sahil,Maharashtra Urban,West 1
Banca,38, Blake,Nashik,2021-03-06 00:00:00,SM - Banca,189,Active,Sales,, Johnny,Raswinder,10, Alexander,Sahil,Maharashtra Urban,West 1
Banca,38, Blake,Pune,2008-09-19 00:00:00,SM - Banca,187,Active,Sales,, Joel,Raswinder,10, Alexander,Sahil,Maharashtra Urban,West 1
Banca,38, Blake,Sangli,2014-09-22 00:00:00,SM - Banca,306,Exited,Sales,2024-05-05 00:00:00, Richard,Raswinder,10, Alexander,Sahil,Maharashtra Urban,West 1
Banca,38, Blake,Sangli,2023-05-23 00:00:00,SM - Banca,183,Active,Sales,, Jill,Raswinder,10, Alexander,Sahil,Maharashtra Urban,West 1
Banca,38, Blake,Solapur,2019-06-23 00:00:00,SM - Banca,180,Active,Sales,, Jerry,Raswinder,10, Alexander,Sahil,Maharashtra Urban,West 1
Banca,38, Blake,Thane,2015-01-19 00:00:00,SM - Banca,179,Active,Sales,, Jeremy,Raswinder,10, Alexander,Sahil,Maharashtra Urban,West 1
Banca,39, Bobby,Ahmednagar,2014-01-07 00:00:00,SM - Banca,308,Exited,Sales,2024-01-09 00:00:00, Ricky,Raswinder,10, Alexander,Sahil,Maharashtra Rural,West 2
Banca,39, Bobby,Ahmednagar,2018-07-10 00:00:00,SM - Banca,185,Active,Sales,, Joan,Raswinder,10, Alexander,Sahil,Maharashtra Rural,West 2
Banca,39, Bobby,All,2018-11-08 00:00:00,ASM - Banca,39,Active,Sales,, Bobby,Raswinder,10, Alexander,Sahil,Maharashtra Rural,West 2
Banca,39, Bobby,Jalgaon,2019-03-31 00:00:00,SM - Banca,307,Exited,Sales,2024-05-05 00:00:00, Rick,Raswinder,10, Alexander,Sahil,Maharashtra Rural,West 2
Banca,39, Bobby,Jalgaon,2021-12-01 00:00:00,SM - Banca,184,Active,Sales,, Jim,Raswinder,10, Alexander,Sahil,Maharashtra Rural,West 2
Banca,39, Bobby,Satara,2011-01-03 00:00:00,SM - Banca,186,Active,Sales,, Joe,Raswinder,10, Alexander,Sahil,Maharashtra Rural,West 2
Banca,40, Brandon,All,2018-08-20 00:00:00,ASM - Banca,40,Active,Sales,, Brandon,Raswinder,10, Alexander,Sahil,Goa,West 3
Banca,40, Brandon,Bicholim,2012-05-24 00:00:00,SM - Banca,195,Active,Sales,, Juan,Raswinder,10, Alexander,Sahil,Goa,West 3
Banca,40, Brandon,Bicholim,2018-11-12 00:00:00,SM - Banca,311,Exited,Sales,2024-02-09 00:00:00, Robert,Raswinder,10, Alexander,Sahil,Goa,West 3
Banca,40, Brandon,Mapusa,2022-03-18 00:00:00,SM - Banca,194,Active,Sales,, Joyce,Raswinder,10, Alexander,Sahil,Goa,West 3
Banca,40, Brandon,Margao,2024-01-12 00:00:00,SM - Banca,192,Active,Sales,, Joseph,Raswinder,10, Alexander,Sahil,Goa,West 3
Banca,40, Brandon,Panaji,2012-07-09 00:00:00,SM - Banca,310,Exited,Sales,2024-02-21 00:00:00, Rita,Raswinder,10, Alexander,Sahil,Goa,West 3
Banca,40, Brandon,Panaji,2016-10-20 00:00:00,SM - Banca,191,Active,Sales,, Jordan,Raswinder,10, Alexander,Sahil,Goa,West 3
Banca,40, Brandon,VascodaGama,2013-05-15 00:00:00,SM - Banca,193,Active,Sales,, Joshua,Raswinder,10, Alexander,Sahil,Goa,West 3
Banca,41, Brenda,Ajmer,2023-12-02 00:00:00,SM - Banca,200,Active,Sales,, Justin,Raswinder,10, Alexander,Sahil,Rajasthan,West 4
Banca,41, Brenda,All,2023-11-29 00:00:00,ASM - Banca,41,Active,Sales,, Brenda,Raswinder,10, Alexander,Sahil,Rajasthan,West 4
Banca,41, Brenda,Jaipur,2008-08-17 00:00:00,SM - Banca,196,Active,Sales,, Judith,Raswinder,10, Alexander,Sahil,Rajasthan,West 4
Banca,41, Brenda,Jaipur,2017-04-09 00:00:00,SM - Banca,312,Exited,Sales,2024-01-27 00:00:00, Robin,Raswinder,10, Alexander,Sahil,Rajasthan,West 4
Banca,41, Brenda,Jodhpur,2008-09-08 00:00:00,SM - Banca,313,Exited,Sales,2024-03-01 00:00:00, Roger,Raswinder,10, Alexander,Sahil,Rajasthan,West 4
Banca,41, Brenda,Jodhpur,2017-06-17 00:00:00,SM - Banca,197,Active,Sales,, Judy,Raswinder,10, Alexander,Sahil,Rajasthan,West 4
Banca,41, Brenda,Kota,2012-01-25 00:00:00,SM - Banca,199,Active,Sales,, Julie,Raswinder,10, Alexander,Sahil,Rajasthan,West 4
Banca,41, Brenda,Udaipur,2013-05-21 00:00:00,SM - Banca,198,Active,Sales,, Julia,Raswinder,10, Alexander,Sahil,Rajasthan,West 4
Banca,42, Brian,Ahmedabad,2023-11-23 00:00:00,SM - Banca,201,Active,Sales,, Kaitlyn,Raswinder,10, Alexander,Sahil,Gujarat,West 5
Banca,42, Brian,All,2011-04-11 00:00:00,ASM - Banca,261,Exited,Sales,2024-01-30 00:00:00, Maureen,Raswinder,10, Alexander,Sahil,Gujarat,West 5
Banca,42, Brian,All,2015-06-10 00:00:00,ASM - Banca,42,Active,Sales,, Brian,Raswinder,10, Alexander,Sahil,Gujarat,West 5
Banca,42, Brian,Bhavnagar,2015-09-21 00:00:00,SM - Banca,205,Active,Sales,, Kathleen,Raswinder,10, Alexander,Sahil,Gujarat,West 5
Banca,42, Brian,Gandhinagar,2010-08-16 00:00:00,SM - Banca,207,Active,Sales,, Kathy,Raswinder,10, Alexander,Sahil,Gujarat,West 5
Banca,42, Brian,Gandhinagar,2017-04-02 00:00:00,SM - Banca,314,Exited,Sales,2024-04-26 00:00:00, Ronald,Raswinder,10, Alexander,Sahil,Gujarat,West 5
Banca,42, Brian,Jamnagar,2022-09-19 00:00:00,SM - Banca,206,Active,Sales,, Kathryn,Raswinder,10, Alexander,Sahil,Gujarat,West 5
Banca,42, Brian,Rajkot,2018-10-18 00:00:00,SM - Banca,204,Active,Sales,, Katherine,Raswinder,10, Alexander,Sahil,Gujarat,West 5
Banca,42, Brian,Surat,2009-10-28 00:00:00,SM - Banca,202,Active,Sales,, Karen,Raswinder,10, Alexander,Sahil,Gujarat,West 5
Banca,42, Brian,Vadodara,2023-11-13 00:00:00,SM - Banca,203,Active,Sales,, Karl,Raswinder,10, Alexander,Sahil,Gujarat,West 5
Banca,43, Brittany,Mumbai,2006-07-19 00:00:00,SM - Banca,316,Exited,Sales,2024-02-06 00:00:00, Roy,Raswinder,10, Alexander,Sahil,Maharashtra Mumbai,West 6
Banca,43, Brittany,Mumbai,2006-11-03 00:00:00,SM - Banca,208,Active,Sales,, Katie,Raswinder,10, Alexander,Sahil,Maharashtra Mumbai,West 6
Banca,43, Brittany,Mumbai,2007-10-21 00:00:00,SM - Banca,315,Exited,Sales,2024-02-25 00:00:00, Rose,Raswinder,10, Alexander,Sahil,Maharashtra Mumbai,West 6
Banca,43, Brittany,Mumbai,2012-06-08 00:00:00,ASM - Banca,43,Active,Sales,, Brittany,Raswinder,10, Alexander,Sahil,Maharashtra Mumbai,West 6
Banca,43, Brittany,Mumbai,2014-11-08 00:00:00,SM - Banca,211,Active,Sales,, Kelly,Raswinder,10, Alexander,Sahil,Maharashtra Mumbai,West 6
Banca,43, Brittany,Mumbai,2017-07-23 00:00:00,SM - Banca,213,Active,Sales,, Kenneth,Raswinder,10, Alexander,Sahil,Maharashtra Mumbai,West 6
Banca,43, Brittany,Mumbai,2017-12-30 00:00:00,ASM - Banca,262,Exited,Sales,2024-02-24 00:00:00, Max,Raswinder,10, Alexander,Sahil,Maharashtra Mumbai,West 6
Banca,43, Brittany,Mumbai,2021-11-29 00:00:00,SM - Banca,209,Active,Sales,, Kayla,Raswinder,10, Alexander,Sahil,Maharashtra Mumbai,West 6
Banca,43, Brittany,Mumbai,2023-08-30 00:00:00,SM - Banca,212,Active,Sales,, Ken,Raswinder,10, Alexander,Sahil,Maharashtra Mumbai,West 6
Banca,43, Brittany,Mumbai,2024-04-25 00:00:00,SM - Banca,210,Active,Sales,, Keith,Raswinder,10, Alexander,Sahil,Maharashtra Mumbai,West 6
Banca,44, Bruce,All,2005-08-13 00:00:00,ASM - Banca,44,Active,Sales,, Bruce,Raswinder,10, Alexander,Sahil,Madhya Pradesh,West 7
Banca,44, Bruce,Bhopal,2011-07-23 00:00:00,SM - Banca,214,Active,Sales,, Kevin,Raswinder,10, Alexander,Sahil,Madhya Pradesh,West 7
Banca,44, Bruce,Gwalior,2020-07-21 00:00:00,SM - Banca,216,Active,Sales,, Kimberly,Raswinder,10, Alexander,Sahil,Madhya Pradesh,West 7
Banca,44, Bruce,Indore,2021-04-01 00:00:00,SM - Banca,215,Active,Sales,, Kim,Raswinder,10, Alexander,Sahil,Madhya Pradesh,West 7
Banca,44, Bruce,Jabalpur,2008-08-13 00:00:00,SM - Banca,317,Exited,Sales,2024-05-05 00:00:00, Ruby,Raswinder,10, Alexander,Sahil,Madhya Pradesh,West 7
Banca,44, Bruce,Jabalpur,2011-02-12 00:00:00,SM - Banca,217,Active,Sales,, Kirk,Raswinder,10, Alexander,Sahil,Madhya Pradesh,West 7
Banca,44, Bruce,Ujjain,2008-10-28 00:00:00,SM - Banca,218,Active,Sales,, Krista,Raswinder,10, Alexander,Sahil,Madhya Pradesh,West 7
Banca,44, Bruce,Ujjain,2018-04-30 00:00:00,SM - Banca,318,Exited,Sales,2024-01-25 00:00:00, Russell,Raswinder,10, Alexander,Sahil,Madhya Pradesh,West 7
Banca,45, Bryan,Surat,2009-04-04 00:00:00,SM - Banca,220,Active,Sales,, Kristina,Raswinder,10, Alexander,Sahil,Gujarat - Surat,West 8
Banca,45, Bryan,Surat,2011-10-13 00:00:00,SM - Banca,320,Exited,Sales,2024-04-23 00:00:00, Ryan,Raswinder,10, Alexander,Sahil,Gujarat - Surat,West 8
Banca,45, Bryan,Surat,2013-03-20 00:00:00,SM - Banca,222,Active,Sales,, Laura,Raswinder,10, Alexander,Sahil,Gujarat - Surat,West 8
Banca,45, Bryan,Surat,2013-08-12 00:00:00,SM - Banca,319,Exited,Sales,2024-04-01 00:00:00, Ruth,Raswinder,10, Alexander,Sahil,Gujarat - Surat,West 8
Banca,45, Bryan,Surat,2018-11-19 00:00:00,ASM - Banca,45,Active,Sales,, Bryan,Raswinder,10, Alexander,Sahil,Gujarat - Surat,West 8
Banca,45, Bryan,Surat,2019-04-02 00:00:00,SM - Banca,221,Active,Sales,, Kyle,Raswinder,10, Alexander,Sahil,Gujarat - Surat,West 8
Banca,45, Bryan,Surat,2021-10-01 00:00:00,SM - Banca,219,Active,Sales,, Kristen,Raswinder,10, Alexander,Sahil,Gujarat - Surat,West 8
Banca,46, Caleb,All,2008-10-06 00:00:00,ASM - Banca,46,Active,Sales,, Caleb,Joseph,11, Alexis,Varsha,Kerela,South 1
Banca,46, Caleb,Kochi,2011-06-27 00:00:00,SM - Banca,224,Active,Sales,, Lawrence,Joseph,11, Alexis,Varsha,Kerela,South 1
Banca,46, Caleb,Kozhikode,2012-03-19 00:00:00,SM - Banca,225,Active,Sales,, Leah,Joseph,11, Alexis,Varsha,Kerela,South 1
Banca,46, Caleb,Thiruvananthapuram,2018-05-19 00:00:00,SM - Banca,223,Active,Sales,, Lauren,Joseph,11, Alexis,Varsha,Kerela,South 1
Banca,46, Caleb,Thrissur,2009-04-12 00:00:00,SM - Banca,226,Active,Sales,, Lee,Joseph,11, Alexis,Varsha,Kerela,South 1
Banca,46, Caleb,Thrissur,2012-12-11 00:00:00,SM - Banca,321,Exited,Sales,2024-05-05 00:00:00, Sabrina,Joseph,11, Alexis,Varsha,Kerela,South 1
Banca,47, Cameron,All,2011-05-03 00:00:00,ASM - Banca,47,Active,Sales,, Cameron,Joseph,11, Alexis,Varsha,Karnataka Urban,South 2
Banca,47, Cameron,Belagavi,2008-01-06 00:00:00,SM - Banca,229,Active,Sales,, Lewis,Joseph,11, Alexis,Varsha,Karnataka Urban,South 2
Banca,47, Cameron,Coorg,2007-10-20 00:00:00,SM - Banca,230,Active,Sales,, Lillian,Joseph,11, Alexis,Varsha,Karnataka Urban,South 2
Banca,47, Cameron,Hubballi-Dharwad,2006-03-02 00:00:00,SM - Banca,323,Exited,Sales,2024-04-05 00:00:00, Samuel,Joseph,11, Alexis,Varsha,Karnataka Urban,South 2
Banca,47, Cameron,Hubballi-Dharwad,2010-04-15 00:00:00,SM - Banca,228,Active,Sales,, Levi,Joseph,11, Alexis,Varsha,Karnataka Urban,South 2
Banca,47, Cameron,Mangaluru,2012-07-13 00:00:00,SM - Banca,322,Exited,Sales,2024-03-26 00:00:00, Samantha,Joseph,11, Alexis,Varsha,Karnataka Urban,South 2
Banca,47, Cameron,Mangaluru,2014-12-20 00:00:00,SM - Banca,227,Active,Sales,, Leslie,Joseph,11, Alexis,Varsha,Karnataka Urban,South 2
Banca,48, Carl,All,2009-01-12 00:00:00,ASM - Banca,48,Active,Sales,, Carl,Joseph,11, Alexis,Varsha,Tamil Nadu,South 3
Banca,48, Carl,All,2010-06-06 00:00:00,ASM - Banca,263,Exited,Sales,2024-04-18 00:00:00, Megan,Joseph,11, Alexis,Varsha,Tamil Nadu,South 3
Banca,48, Carl,Madurai,2014-06-12 00:00:00,SM - Banca,231,Active,Sales,, Linda,Joseph,11, Alexis,Varsha,Tamil Nadu,South 3
Banca,48, Carl,Salem,2015-03-09 00:00:00,SM - Banca,233,Active,Sales,, Lisa,Joseph,11, Alexis,Varsha,Tamil Nadu,South 3
Banca,48, Carl,Tiruchirappalli,2008-08-23 00:00:00,SM - Banca,232,Active,Sales,, Lindsay,Joseph,11, Alexis,Varsha,Tamil Nadu,South 3
Banca,48, Carl,Tirunelveli,2010-03-01 00:00:00,SM - Banca,324,Exited,Sales,2024-01-20 00:00:00, Sandra,Joseph,11, Alexis,Varsha,Tamil Nadu,South 3
Banca,48, Carl,Tirunelveli,2016-07-18 00:00:00,SM - Banca,234,Active,Sales,, Liz,Joseph,11, Alexis,Varsha,Tamil Nadu,South 3
Banca,49, Carol,All,2017-09-27 00:00:00,ASM - Banca,49,Active,Sales,, Carol,Joseph,11, Alexis,Varsha,Andhra Pradesh,South 4
Banca,49, Carol,Anantapur,2021-08-30 00:00:00,SM - Banca,242,Active,Sales,, Mabel,Joseph,11, Alexis,Varsha,Andhra Pradesh,South 4
Banca,49, Carol,Eluru,2011-07-10 00:00:00,SM - Banca,241,Active,Sales,, Lynn,Joseph,11, Alexis,Varsha,Andhra Pradesh,South 4
Banca,49, Carol,Guntur,2007-06-06 00:00:00,SM - Banca,237,Active,Sales,, Louis,Joseph,11, Alexis,Varsha,Andhra Pradesh,South 4
Banca,49, Carol,Kurnool,2016-09-05 00:00:00,SM - Banca,239,Active,Sales,, Luke,Joseph,11, Alexis,Varsha,Andhra Pradesh,South 4
Banca,49, Carol,Nellore,2018-11-13 00:00:00,SM - Banca,238,Active,Sales,, Lucas,Joseph,11, Alexis,Varsha,Andhra Pradesh,South 4
Banca,49, Carol,Rajahmundry,2006-04-21 00:00:00,SM - Banca,240,Active,Sales,, Lydia,Joseph,11, Alexis,Varsha,Andhra Pradesh,South 4
Banca,49, Carol,Vijayawada,2010-10-22 00:00:00,SM - Banca,236,Active,Sales,, Lori,Joseph,11, Alexis,Varsha,Andhra Pradesh,South 4
Banca,49, Carol,Vijayawada,2015-06-04 00:00:00,SM - Banca,326,Exited,Sales,2024-05-05 00:00:00, Sarah,Joseph,11, Alexis,Varsha,Andhra Pradesh,South 4
Banca,49, Carol,Visakhapatnam,2012-12-16 00:00:00,SM - Banca,235,Active,Sales,, Logan,Joseph,11, Alexis,Varsha,Andhra Pradesh,South 4
Banca,49, Carol,Visakhapatnam,2018-11-23 00:00:00,SM - Banca,325,Exited,Sales,2024-04-07 00:00:00, Sara,Joseph,11, Alexis,Varsha,Andhra Pradesh,South 4
Banca,50, Caroline,All,2023-11-09 00:00:00,ASM - Banca,50,Active,Sales,, Caroline,Joseph,11, Alexis,Varsha,Telengana,South 5
Banca,50, Caroline,Hyderabad,2010-02-26 00:00:00,SM - Banca,243,Active,Sales,, Mackenzie,Joseph,11, Alexis,Varsha,Telengana,South 5
Banca,50, Caroline,Karimnagar,2014-11-12 00:00:00,SM - Banca,247,Active,Sales,, Mandy,Joseph,11, Alexis,Varsha,Telengana,South 5
Banca,50, Caroline,Karimnagar,2017-08-10 00:00:00,SM - Banca,327,Exited,Sales,2024-04-20 00:00:00, Scott,Joseph,11, Alexis,Varsha,Telengana,South 5
Banca,50, Caroline,Khammam,2017-12-29 00:00:00,SM - Banca,246,Active,Sales,, Malcolm,Joseph,11, Alexis,Varsha,Telengana,South 5
Banca,50, Caroline,Nizamabad,2017-09-21 00:00:00,SM - Banca,245,Active,Sales,, Maggie,Joseph,11, Alexis,Varsha,Telengana,South 5
Banca,50, Caroline,Warangal,2023-11-09 00:00:00,SM - Banca,244,Active,Sales,, Madison,Joseph,11, Alexis,Varsha,Telengana,South 5
Banca,51, Carolyn,All,2014-07-02 00:00:00,ASM - Banca,51,Active,Sales,, Carolyn,Joseph,11, Alexis,Varsha,Karnataka Rural,South 6
Banca,51, Carolyn,Chikkamagaluru,2010-12-15 00:00:00,SM - Banca,250,Active,Sales,, Maria,Joseph,11, Alexis,Varsha,Karnataka Rural,South 6
Banca,51, Carolyn,Chitradurga,2006-10-17 00:00:00,SM - Banca,330,Exited,Sales,2024-04-23 00:00:00, Shannon,Joseph,11, Alexis,Varsha,Karnataka Rural,South 6
Banca,51, Carolyn,Chitradurga,2016-11-15 00:00:00,SM - Banca,253,Active,Sales,, Mark,Joseph,11, Alexis,Varsha,Karnataka Rural,South 6
Banca,51, Carolyn,Davangere,2012-08-07 00:00:00,SM - Banca,329,Exited,Sales,2024-02-05 00:00:00, Seth,Joseph,11, Alexis,Varsha,Karnataka Urban,South 6
Banca,51, Carolyn,Davangere,2021-09-17 00:00:00,SM - Banca,249,Active,Sales,, Margaret,Joseph,11, Alexis,Varsha,Karnataka Urban,South 6
Banca,51, Carolyn,Hassan,2016-02-15 00:00:00,SM - Banca,251,Active,Sales,, Marie,Joseph,11, Alexis,Varsha,Karnataka Rural,South 6
Banca,51, Carolyn,Haveri,2022-11-02 00:00:00,SM - Banca,254,Active,Sales,, Marlene,Joseph,11, Alexis,Varsha,Karnataka Rural,South 6
Banca,51, Carolyn,Mandya,2005-09-09 00:00:00,SM - Banca,252,Active,Sales,, Marilyn,Joseph,11, Alexis,Varsha,Karnataka Rural,South 6
Banca,51, Carolyn,Shimoga,2022-12-24 00:00:00,SM - Banca,248,Active,Sales,, Marcus,Joseph,11, Alexis,Varsha,Karnataka Urban,South 6
Banca,51, Carolyn,Shimoga,2023-06-22 00:00:00,SM - Banca,328,Exited,Sales,2024-01-26 00:00:00, Sean,Joseph,11, Alexis,Varsha,Karnataka Urban,South 6
Banca,255, Martha,All,2022-12-01 00:00:00,RSM - Banca,255,Exited,Sales,2024-02-02 00:00:00, Martha,Ankit,3, Abigail,Priya,All,North
